Handle,Title,Body (HTML),Vendor,Type,Tags,Published,Option1 Name,Option1 Value,Variant SKU,Variant Grams,Variant Inventory Tracker,Variant Inventory Qty,Variant Inventory Policy,Variant Fulfillment Service,Variant Price,Variant Compare At Price,Variant Requires Shipping,Variant Taxable,Status
"lumenred-forge-s-full-body-panel-1","Lumenred Forge S Full Body Panel","<p>Lumenred Forge S Full Body Panel delivers clinical-style red and near-infrared coverage with 660nm diodes, 300 LEDs, and roughly 120W irradiance class output. Built for consistent home and studio sessions.</p><ul><li>Wavelength: 660nm</li><li>LEDs: 300</li><li>Power: 120W</li><li>Size: 36"" × 16""</li><li>Finish: Brushed Steel</li></ul>","Lumenred","Full Body Panels","full-body-panels, 660nm, panel, full-body","TRUE","Finish","Brushed Steel","LR-0001","2500","shopify","25","deny","manual","899.00","1007.00","TRUE","TRUE","active"
"lumenred-pulse-m-full-body-panel-2","Lumenred Pulse M Full Body Panel","<p>Lumenred Pulse M Full Body Panel delivers clinical-style red and near-infrared coverage with 850nm diodes, 345 LEDs, and roughly 138W irradiance class output. Built for consistent home and studio sessions.</p><ul><li>Wavelength: 850nm</li><li>LEDs: 345</li><li>Power: 138W</li><li>Size: 42"" × 18""</li><li>Finish: Soft Black</li></ul>","Lumenred","Full Body Panels","full-body-panels, 850nm, panel, full-body","TRUE","Finish","Soft Black","LR-0002","2500","shopify","25","deny","manual","1049.00","1175.00","TRUE","TRUE","active"
"lumenred-aura-l-full-body-panel-3","Lumenred Aura L Full Body Panel","<p>Lumenred Aura L Full Body Panel delivers clinical-style red and near-infrared coverage with 660/850nm diodes, 390 LEDs, and roughly 156W irradiance class output. Built for consistent home and studio sessions.</p><ul><li>Wavelength: 660/850nm</li><li>LEDs: 390</li><li>Power: 156W</li><li>Size: 48"" × 20""</li><li>Finish: Arctic White</li></ul>","Lumenred","Full Body Panels","full-body-panels, 660/850nm, panel, full-body","TRUE","Finish","Arctic White","LR-0003","2500","shopify","25","deny","manual","1199.00","1343.00","TRUE","TRUE","active"
"lumenred-vertex-xl-full-body-panel-4","Lumenred Vertex XL Full Body Panel","<p>Lumenred Vertex XL Full Body Panel delivers clinical-style red and near-infrared coverage with 630/660/850nm diodes, 435 LEDs, and roughly 174W irradiance class output. Built for consistent home and studio sessions.</p><ul><li>Wavelength: 630/660/850nm</li><li>LEDs: 435</li><li>Power: 174W</li><li>Size: 54"" × 16""</li><li>Finish: Matte Graphite</li></ul>","Lumenred","Full Body Panels","full-body-panels, 630/660/850nm, panel, full-body","TRUE","Finish","Matte Graphite","LR-0004","2500","shopify","25","deny","manual","1229.00","1376.00","TRUE","TRUE","active"
"lumenred-halo-pro-full-body-panel-5","Lumenred Halo Pro Full Body Panel","<p>Lumenred Halo Pro Full Body Panel delivers clinical-style red and near-infrared coverage with 660/810/850nm diodes, 480 LEDs, and roughly 192W irradiance class output. Built for consistent home and studio sessions.</p><ul><li>Wavelength: 660/810/850nm</li><li>LEDs: 480</li><li>Power: 192W</li><li>Size: 60"" × 18""</li><li>Finish: Brushed Steel</li></ul>","Lumenred","Full Body Panels","full-body-panels, 660/810/850nm, panel, full-body","TRUE","Finish","Brushed Steel","LR-0005","2500","shopify","25","deny","manual","1379.00","1544.00","TRUE","TRUE","active"
"lumenred-stride-s-full-body-panel-6","Lumenred Stride S Full Body Panel","<p>Lumenred Stride S Full Body Panel delivers clinical-style red and near-infrared coverage with 630/660/810/850nm diodes, 525 LEDs, and roughly 210W irradiance class output. Built for consistent home and studio sessions.</p><ul><li>Wavelength: 630/660/810/850nm</li><li>LEDs: 525</li><li>Power: 210W</li><li>Size: 36"" × 20""</li><li>Finish: Soft Black</li></ul>","Lumenred","Full Body Panels","full-body-panels, 630/660/810/850nm, panel, full-body","TRUE","Finish","Soft Black","LR-0006","2500","shopify","25","deny","manual","1529.00","1712.00","TRUE","TRUE","active"
"lumenred-nova-m-full-body-panel-7","Lumenred Nova M Full Body Panel","<p>Lumenred Nova M Full Body Panel delivers clinical-style red and near-infrared coverage with 660nm diodes, 570 LEDs, and roughly 228W irradiance class output. Built for consistent home and studio sessions.</p><ul><li>Wavelength: 660nm</li><li>LEDs: 570</li><li>Power: 228W</li><li>Size: 42"" × 16""</li><li>Finish: Arctic White</li></ul>","Lumenred","Full Body Panels","full-body-panels, 660nm, panel, full-body","TRUE","Finish","Arctic White","LR-0007","2500","shopify","25","deny","manual","1559.00","1746.00","TRUE","TRUE","active"
"lumenred-ridge-l-full-body-panel-8","Lumenred Ridge L Full Body Panel","<p>Lumenred Ridge L Full Body Panel delivers clinical-style red and near-infrared coverage with 850nm diodes, 615 LEDs, and roughly 246W irradiance class output. Built for consistent home and studio sessions.</p><ul><li>Wavelength: 850nm</li><li>LEDs: 615</li><li>Power: 246W</li><li>Size: 48"" × 18""</li><li>Finish: Matte Graphite</li></ul>","Lumenred","Full Body Panels","full-body-panels, 850nm, panel, full-body","TRUE","Finish","Matte Graphite","LR-0008","2500","shopify","25","deny","manual","1709.00","1914.00","TRUE","TRUE","active"
"lumenred-solace-xl-full-body-panel-9","Lumenred Solace XL Full Body Panel","<p>Lumenred Solace XL Full Body Panel delivers clinical-style red and near-infrared coverage with 660/850nm diodes, 660 LEDs, and roughly 264W irradiance class output. Built for consistent home and studio sessions.</p><ul><li>Wavelength: 660/850nm</li><li>LEDs: 660</li><li>Power: 264W</li><li>Size: 54"" × 20""</li><li>Finish: Brushed Steel</li></ul>","Lumenred","Full Body Panels","full-body-panels, 660/850nm, panel, full-body","TRUE","Finish","Brushed Steel","LR-0009","2500","shopify","25","deny","manual","1859.00","2082.00","TRUE","TRUE","active"
"lumenred-axiom-pro-full-body-panel-10","Lumenred Axiom Pro Full Body Panel","<p>Lumenred Axiom Pro Full Body Panel delivers clinical-style red and near-infrared coverage with 630/660/850nm diodes, 705 LEDs, and roughly 282W irradiance class output. Built for consistent home and studio sessions.</p><ul><li>Wavelength: 630/660/850nm</li><li>LEDs: 705</li><li>Power: 282W</li><li>Size: 60"" × 16""</li><li>Finish: Soft Black</li></ul>","Lumenred","Full Body Panels","full-body-panels, 630/660/850nm, panel, full-body","TRUE","Finish","Soft Black","LR-0010","2500","shopify","25","deny","manual","1889.00","2116.00","TRUE","TRUE","active"
"lumenred-ember-s-full-body-panel-11","Lumenred Ember S Full Body Panel","<p>Lumenred Ember S Full Body Panel delivers clinical-style red and near-infrared coverage with 660/810/850nm diodes, 750 LEDs, and roughly 300W irradiance class output. Built for consistent home and studio sessions.</p><ul><li>Wavelength: 660/810/850nm</li><li>LEDs: 750</li><li>Power: 300W</li><li>Size: 36"" × 18""</li><li>Finish: Arctic White</li></ul>","Lumenred","Full Body Panels","full-body-panels, 660/810/850nm, panel, full-body","TRUE","Finish","Arctic White","LR-0011","2500","shopify","25","deny","manual","2039.00","2284.00","TRUE","TRUE","active"
"lumenred-lattice-m-full-body-panel-12","Lumenred Lattice M Full Body Panel","<p>Lumenred Lattice M Full Body Panel delivers clinical-style red and near-infrared coverage with 630/660/810/850nm diodes, 795 LEDs, and roughly 318W irradiance class output. Built for consistent home and studio sessions.</p><ul><li>Wavelength: 630/660/810/850nm</li><li>LEDs: 795</li><li>Power: 318W</li><li>Size: 42"" × 20""</li><li>Finish: Matte Graphite</li></ul>","Lumenred","Full Body Panels","full-body-panels, 630/660/810/850nm, panel, full-body","TRUE","Finish","Matte Graphite","LR-0012","2500","shopify","25","deny","manual","2189.00","2452.00","TRUE","TRUE","active"
"lumenred-forge-l-full-body-panel-13","Lumenred Forge L Full Body Panel","<p>Lumenred Forge L Full Body Panel delivers clinical-style red and near-infrared coverage with 660nm diodes, 840 LEDs, and roughly 336W irradiance class output. Built for consistent home and studio sessions.</p><ul><li>Wavelength: 660nm</li><li>LEDs: 840</li><li>Power: 336W</li><li>Size: 48"" × 16""</li><li>Finish: Brushed Steel</li></ul>","Lumenred","Full Body Panels","full-body-panels, 660nm, panel, full-body","TRUE","Finish","Brushed Steel","LR-0013","2500","shopify","25","deny","manual","2219.00","2485.00","TRUE","TRUE","active"
"lumenred-pulse-xl-full-body-panel-14","Lumenred Pulse XL Full Body Panel","<p>Lumenred Pulse XL Full Body Panel delivers clinical-style red and near-infrared coverage with 850nm diodes, 885 LEDs, and roughly 354W irradiance class output. Built for consistent home and studio sessions.</p><ul><li>Wavelength: 850nm</li><li>LEDs: 885</li><li>Power: 354W</li><li>Size: 54"" × 18""</li><li>Finish: Soft Black</li></ul>","Lumenred","Full Body Panels","full-body-panels, 850nm, panel, full-body","TRUE","Finish","Soft Black","LR-0014","2500","shopify","25","deny","manual","2369.00","2653.00","TRUE","TRUE","active"
"lumenred-aura-pro-full-body-panel-15","Lumenred Aura Pro Full Body Panel","<p>Lumenred Aura Pro Full Body Panel delivers clinical-style red and near-infrared coverage with 660/850nm diodes, 930 LEDs, and roughly 372W irradiance class output. Built for consistent home and studio sessions.</p><ul><li>Wavelength: 660/850nm</li><li>LEDs: 930</li><li>Power: 372W</li><li>Size: 60"" × 20""</li><li>Finish: Arctic White</li></ul>","Lumenred","Full Body Panels","full-body-panels, 660/850nm, panel, full-body","TRUE","Finish","Arctic White","LR-0015","2500","shopify","25","deny","manual","2519.00","2821.00","TRUE","TRUE","active"
"lumenred-vertex-s-full-body-panel-16","Lumenred Vertex S Full Body Panel","<p>Lumenred Vertex S Full Body Panel delivers clinical-style red and near-infrared coverage with 630/660/850nm diodes, 975 LEDs, and roughly 390W irradiance class output. Built for consistent home and studio sessions.</p><ul><li>Wavelength: 630/660/850nm</li><li>LEDs: 975</li><li>Power: 390W</li><li>Size: 36"" × 16""</li><li>Finish: Matte Graphite</li></ul>","Lumenred","Full Body Panels","full-body-panels, 630/660/850nm, panel, full-body","TRUE","Finish","Matte Graphite","LR-0016","2500","shopify","25","deny","manual","2549.00","2855.00","TRUE","TRUE","active"
"lumenred-halo-m-full-body-panel-17","Lumenred Halo M Full Body Panel","<p>Lumenred Halo M Full Body Panel delivers clinical-style red and near-infrared coverage with 660/810/850nm diodes, 1020 LEDs, and roughly 408W irradiance class output. Built for consistent home and studio sessions.</p><ul><li>Wavelength: 660/810/850nm</li><li>LEDs: 1020</li><li>Power: 408W</li><li>Size: 42"" × 18""</li><li>Finish: Brushed Steel</li></ul>","Lumenred","Full Body Panels","full-body-panels, 660/810/850nm, panel, full-body","TRUE","Finish","Brushed Steel","LR-0017","2500","shopify","25","deny","manual","2699.00","3023.00","TRUE","TRUE","active"
"lumenred-stride-l-full-body-panel-18","Lumenred Stride L Full Body Panel","<p>Lumenred Stride L Full Body Panel delivers clinical-style red and near-infrared coverage with 630/660/810/850nm diodes, 1065 LEDs, and roughly 426W irradiance class output. Built for consistent home and studio sessions.</p><ul><li>Wavelength: 630/660/810/850nm</li><li>LEDs: 1065</li><li>Power: 426W</li><li>Size: 48"" × 20""</li><li>Finish: Soft Black</li></ul>","Lumenred","Full Body Panels","full-body-panels, 630/660/810/850nm, panel, full-body","TRUE","Finish","Soft Black","LR-0018","2500","shopify","25","deny","manual","2849.00","3191.00","TRUE","TRUE","active"
"lumenred-nova-xl-full-body-panel-19","Lumenred Nova XL Full Body Panel","<p>Lumenred Nova XL Full Body Panel delivers clinical-style red and near-infrared coverage with 660nm diodes, 1110 LEDs, and roughly 444W irradiance class output. Built for consistent home and studio sessions.</p><ul><li>Wavelength: 660nm</li><li>LEDs: 1110</li><li>Power: 444W</li><li>Size: 54"" × 16""</li><li>Finish: Arctic White</li></ul>","Lumenred","Full Body Panels","full-body-panels, 660nm, panel, full-body","TRUE","Finish","Arctic White","LR-0019","2500","shopify","25","deny","manual","2879.00","3224.00","TRUE","TRUE","active"
"lumenred-ridge-pro-full-body-panel-20","Lumenred Ridge Pro Full Body Panel","<p>Lumenred Ridge Pro Full Body Panel delivers clinical-style red and near-infrared coverage with 850nm diodes, 1155 LEDs, and roughly 462W irradiance class output. Built for consistent home and studio sessions.</p><ul><li>Wavelength: 850nm</li><li>LEDs: 1155</li><li>Power: 462W</li><li>Size: 60"" × 18""</li><li>Finish: Matte Graphite</li></ul>","Lumenred","Full Body Panels","full-body-panels, 850nm, panel, full-body","TRUE","Finish","Matte Graphite","LR-0020","2500","shopify","25","deny","manual","3029.00","3392.00","TRUE","TRUE","active"
"lumenred-vertex-desk-panel-1","Lumenred Vertex Desk Panel 1","<p>Lumenred Vertex Desk Panel 1 delivers clinical-style red and near-infrared coverage with 660nm diodes, 60 LEDs, and roughly 30W irradiance class output. Built for consistent home and studio sessions.</p><ul><li>Wavelength: 660nm</li><li>LEDs: 60</li><li>Power: 30W</li><li>Size: 12"" × 8""</li><li>Finish: Brushed Steel</li></ul>","Lumenred","Desktop & Mid-Size","desktop-panels, 660nm, desktop, compact","TRUE","Finish","Brushed Steel","LR-0021","2500","shopify","25","deny","manual","249.00","286.00","TRUE","TRUE","active"
"lumenred-halo-desk-panel-2","Lumenred Halo Desk Panel 2","<p>Lumenred Halo Desk Panel 2 delivers clinical-style red and near-infrared coverage with 850nm diodes, 72 LEDs, and roughly 36W irradiance class output. Built for consistent home and studio sessions.</p><ul><li>Wavelength: 850nm</li><li>LEDs: 72</li><li>Power: 36W</li><li>Size: 14"" × 9""</li><li>Finish: Soft Black</li></ul>","Lumenred","Desktop & Mid-Size","desktop-panels, 850nm, desktop, compact","TRUE","Finish","Soft Black","LR-0022","2500","shopify","25","deny","manual","284.00","","TRUE","TRUE","active"
"lumenred-stride-desk-panel-3","Lumenred Stride Desk Panel 3","<p>Lumenred Stride Desk Panel 3 delivers clinical-style red and near-infrared coverage with 660/850nm diodes, 84 LEDs, and roughly 42W irradiance class output. Built for consistent home and studio sessions.</p><ul><li>Wavelength: 660/850nm</li><li>LEDs: 84</li><li>Power: 42W</li><li>Size: 16"" × 10""</li><li>Finish: Arctic White</li></ul>","Lumenred","Desktop & Mid-Size","desktop-panels, 660/850nm, desktop, compact","TRUE","Finish","Arctic White","LR-0023","2500","shopify","25","deny","manual","319.00","367.00","TRUE","TRUE","active"
"lumenred-nova-desk-panel-4","Lumenred Nova Desk Panel 4","<p>Lumenred Nova Desk Panel 4 delivers clinical-style red and near-infrared coverage with 630/660/850nm diodes, 96 LEDs, and roughly 48W irradiance class output. Built for consistent home and studio sessions.</p><ul><li>Wavelength: 630/660/850nm</li><li>LEDs: 96</li><li>Power: 48W</li><li>Size: 18"" × 8""</li><li>Finish: Matte Graphite</li></ul>","Lumenred","Desktop & Mid-Size","desktop-panels, 630/660/850nm, desktop, compact","TRUE","Finish","Matte Graphite","LR-0024","2500","shopify","25","deny","manual","354.00","","TRUE","TRUE","active"
"lumenred-ridge-desk-panel-5","Lumenred Ridge Desk Panel 5","<p>Lumenred Ridge Desk Panel 5 delivers clinical-style red and near-infrared coverage with 660/810/850nm diodes, 108 LEDs, and roughly 54W irradiance class output. Built for consistent home and studio sessions.</p><ul><li>Wavelength: 660/810/850nm</li><li>LEDs: 108</li><li>Power: 54W</li><li>Size: 12"" × 9""</li><li>Finish: Brushed Steel</li></ul>","Lumenred","Desktop & Mid-Size","desktop-panels, 660/810/850nm, desktop, compact","TRUE","Finish","Brushed Steel","LR-0025","2500","shopify","25","deny","manual","389.00","447.00","TRUE","TRUE","active"
"lumenred-solace-desk-panel-6","Lumenred Solace Desk Panel 6","<p>Lumenred Solace Desk Panel 6 delivers clinical-style red and near-infrared coverage with 630/660/810/850nm diodes, 120 LEDs, and roughly 60W irradiance class output. Built for consistent home and studio sessions.</p><ul><li>Wavelength: 630/660/810/850nm</li><li>LEDs: 120</li><li>Power: 60W</li><li>Size: 14"" × 10""</li><li>Finish: Soft Black</li></ul>","Lumenred","Desktop & Mid-Size","desktop-panels, 630/660/810/850nm, desktop, compact","TRUE","Finish","Soft Black","LR-0026","2500","shopify","25","deny","manual","424.00","","TRUE","TRUE","active"
"lumenred-axiom-desk-panel-7","Lumenred Axiom Desk Panel 7","<p>Lumenred Axiom Desk Panel 7 delivers clinical-style red and near-infrared coverage with 660nm diodes, 132 LEDs, and roughly 66W irradiance class output. Built for consistent home and studio sessions.</p><ul><li>Wavelength: 660nm</li><li>LEDs: 132</li><li>Power: 66W</li><li>Size: 16"" × 8""</li><li>Finish: Arctic White</li></ul>","Lumenred","Desktop & Mid-Size","desktop-panels, 660nm, desktop, compact","TRUE","Finish","Arctic White","LR-0027","2500","shopify","25","deny","manual","459.00","528.00","TRUE","TRUE","active"
"lumenred-ember-desk-panel-8","Lumenred Ember Desk Panel 8","<p>Lumenred Ember Desk Panel 8 delivers clinical-style red and near-infrared coverage with 850nm diodes, 144 LEDs, and roughly 72W irradiance class output. Built for consistent home and studio sessions.</p><ul><li>Wavelength: 850nm</li><li>LEDs: 144</li><li>Power: 72W</li><li>Size: 18"" × 9""</li><li>Finish: Matte Graphite</li></ul>","Lumenred","Desktop & Mid-Size","desktop-panels, 850nm, desktop, compact","TRUE","Finish","Matte Graphite","LR-0028","2500","shopify","25","deny","manual","494.00","","TRUE","TRUE","active"
"lumenred-lattice-desk-panel-9","Lumenred Lattice Desk Panel 9","<p>Lumenred Lattice Desk Panel 9 delivers clinical-style red and near-infrared coverage with 660/850nm diodes, 156 LEDs, and roughly 78W irradiance class output. Built for consistent home and studio sessions.</p><ul><li>Wavelength: 660/850nm</li><li>LEDs: 156</li><li>Power: 78W</li><li>Size: 12"" × 10""</li><li>Finish: Brushed Steel</li></ul>","Lumenred","Desktop & Mid-Size","desktop-panels, 660/850nm, desktop, compact","TRUE","Finish","Brushed Steel","LR-0029","2500","shopify","25","deny","manual","529.00","608.00","TRUE","TRUE","active"
"lumenred-forge-desk-panel-10","Lumenred Forge Desk Panel 10","<p>Lumenred Forge Desk Panel 10 delivers clinical-style red and near-infrared coverage with 630/660/850nm diodes, 168 LEDs, and roughly 84W irradiance class output. Built for consistent home and studio sessions.</p><ul><li>Wavelength: 630/660/850nm</li><li>LEDs: 168</li><li>Power: 84W</li><li>Size: 14"" × 8""</li><li>Finish: Soft Black</li></ul>","Lumenred","Desktop & Mid-Size","desktop-panels, 630/660/850nm, desktop, compact","TRUE","Finish","Soft Black","LR-0030","2500","shopify","25","deny","manual","564.00","","TRUE","TRUE","active"
"lumenred-pulse-desk-panel-11","Lumenred Pulse Desk Panel 11","<p>Lumenred Pulse Desk Panel 11 delivers clinical-style red and near-infrared coverage with 660/810/850nm diodes, 180 LEDs, and roughly 90W irradiance class output. Built for consistent home and studio sessions.</p><ul><li>Wavelength: 660/810/850nm</li><li>LEDs: 180</li><li>Power: 90W</li><li>Size: 16"" × 9""</li><li>Finish: Arctic White</li></ul>","Lumenred","Desktop & Mid-Size","desktop-panels, 660/810/850nm, desktop, compact","TRUE","Finish","Arctic White","LR-0031","2500","shopify","25","deny","manual","599.00","689.00","TRUE","TRUE","active"
"lumenred-aura-desk-panel-12","Lumenred Aura Desk Panel 12","<p>Lumenred Aura Desk Panel 12 delivers clinical-style red and near-infrared coverage with 630/660/810/850nm diodes, 192 LEDs, and roughly 96W irradiance class output. Built for consistent home and studio sessions.</p><ul><li>Wavelength: 630/660/810/850nm</li><li>LEDs: 192</li><li>Power: 96W</li><li>Size: 18"" × 10""</li><li>Finish: Matte Graphite</li></ul>","Lumenred","Desktop & Mid-Size","desktop-panels, 630/660/810/850nm, desktop, compact","TRUE","Finish","Matte Graphite","LR-0032","2500","shopify","25","deny","manual","634.00","","TRUE","TRUE","active"
"lumenred-vertex-desk-panel-13","Lumenred Vertex Desk Panel 13","<p>Lumenred Vertex Desk Panel 13 delivers clinical-style red and near-infrared coverage with 660nm diodes, 204 LEDs, and roughly 102W irradiance class output. Built for consistent home and studio sessions.</p><ul><li>Wavelength: 660nm</li><li>LEDs: 204</li><li>Power: 102W</li><li>Size: 12"" × 8""</li><li>Finish: Brushed Steel</li></ul>","Lumenred","Desktop & Mid-Size","desktop-panels, 660nm, desktop, compact","TRUE","Finish","Brushed Steel","LR-0033","2500","shopify","25","deny","manual","669.00","769.00","TRUE","TRUE","active"
"lumenred-halo-desk-panel-14","Lumenred Halo Desk Panel 14","<p>Lumenred Halo Desk Panel 14 delivers clinical-style red and near-infrared coverage with 850nm diodes, 216 LEDs, and roughly 108W irradiance class output. Built for consistent home and studio sessions.</p><ul><li>Wavelength: 850nm</li><li>LEDs: 216</li><li>Power: 108W</li><li>Size: 14"" × 9""</li><li>Finish: Soft Black</li></ul>","Lumenred","Desktop & Mid-Size","desktop-panels, 850nm, desktop, compact","TRUE","Finish","Soft Black","LR-0034","2500","shopify","25","deny","manual","704.00","","TRUE","TRUE","active"
"lumenred-stride-desk-panel-15","Lumenred Stride Desk Panel 15","<p>Lumenred Stride Desk Panel 15 delivers clinical-style red and near-infrared coverage with 660/850nm diodes, 228 LEDs, and roughly 114W irradiance class output. Built for consistent home and studio sessions.</p><ul><li>Wavelength: 660/850nm</li><li>LEDs: 228</li><li>Power: 114W</li><li>Size: 16"" × 10""</li><li>Finish: Arctic White</li></ul>","Lumenred","Desktop & Mid-Size","desktop-panels, 660/850nm, desktop, compact","TRUE","Finish","Arctic White","LR-0035","2500","shopify","25","deny","manual","739.00","850.00","TRUE","TRUE","active"
"lumenred-pulse-face-mask-1","Lumenred Pulse Face Mask","<p>Lumenred Pulse Face Mask delivers clinical-style red and near-infrared coverage with 660nm diodes, 80 LEDs, and roughly 18W irradiance class output. Built for consistent home and studio sessions.</p><ul><li>Wavelength: 660nm</li><li>LEDs: 80</li><li>Power: 18W</li><li>Size: One size / adjustable strap</li><li>Finish: Matte Graphite</li></ul>","Lumenred","Face & Masks","face-masks, 660nm, mask, skin","TRUE","Finish","Matte Graphite","LR-0036","2500","shopify","25","deny","manual","179.00","211.00","TRUE","TRUE","active"
"lumenred-aura-face-mask-2","Lumenred Aura Face Mask","<p>Lumenred Aura Face Mask delivers clinical-style red and near-infrared coverage with 850nm diodes, 90 LEDs, and roughly 20W irradiance class output. Built for consistent home and studio sessions.</p><ul><li>Wavelength: 850nm</li><li>LEDs: 90</li><li>Power: 20W</li><li>Size: One size / adjustable strap</li><li>Finish: Brushed Steel</li></ul>","Lumenred","Face & Masks","face-masks, 850nm, mask, skin","TRUE","Finish","Brushed Steel","LR-0037","2500","shopify","25","deny","manual","207.00","244.00","TRUE","TRUE","active"
"lumenred-vertex-face-mask-3","Lumenred Vertex Face Mask","<p>Lumenred Vertex Face Mask delivers clinical-style red and near-infrared coverage with 660/850nm diodes, 100 LEDs, and roughly 22W irradiance class output. Built for consistent home and studio sessions.</p><ul><li>Wavelength: 660/850nm</li><li>LEDs: 100</li><li>Power: 22W</li><li>Size: One size / adjustable strap</li><li>Finish: Soft Black</li></ul>","Lumenred","Face & Masks","face-masks, 660/850nm, mask, skin","TRUE","Finish","Soft Black","LR-0038","2500","shopify","25","deny","manual","235.00","277.00","TRUE","TRUE","active"
"lumenred-halo-face-mask-4","Lumenred Halo Face Mask","<p>Lumenred Halo Face Mask delivers clinical-style red and near-infrared coverage with 630/660/850nm diodes, 110 LEDs, and roughly 24W irradiance class output. Built for consistent home and studio sessions.</p><ul><li>Wavelength: 630/660/850nm</li><li>LEDs: 110</li><li>Power: 24W</li><li>Size: One size / adjustable strap</li><li>Finish: Arctic White</li></ul>","Lumenred","Face & Masks","face-masks, 630/660/850nm, mask, skin","TRUE","Finish","Arctic White","LR-0039","2500","shopify","25","deny","manual","263.00","310.00","TRUE","TRUE","active"
"lumenred-stride-face-mask-5","Lumenred Stride Face Mask","<p>Lumenred Stride Face Mask delivers clinical-style red and near-infrared coverage with 660nm diodes, 120 LEDs, and roughly 26W irradiance class output. Built for consistent home and studio sessions.</p><ul><li>Wavelength: 660nm</li><li>LEDs: 120</li><li>Power: 26W</li><li>Size: One size / adjustable strap</li><li>Finish: Matte Graphite</li></ul>","Lumenred","Face & Masks","face-masks, 660nm, mask, skin","TRUE","Finish","Matte Graphite","LR-0040","2500","shopify","25","deny","manual","291.00","343.00","TRUE","TRUE","active"
"lumenred-nova-face-mask-6","Lumenred Nova Face Mask","<p>Lumenred Nova Face Mask delivers clinical-style red and near-infrared coverage with 850nm diodes, 130 LEDs, and roughly 28W irradiance class output. Built for consistent home and studio sessions.</p><ul><li>Wavelength: 850nm</li><li>LEDs: 130</li><li>Power: 28W</li><li>Size: One size / adjustable strap</li><li>Finish: Brushed Steel</li></ul>","Lumenred","Face & Masks","face-masks, 850nm, mask, skin","TRUE","Finish","Brushed Steel","LR-0041","2500","shopify","25","deny","manual","319.00","376.00","TRUE","TRUE","active"
"lumenred-ridge-face-mask-7","Lumenred Ridge Face Mask","<p>Lumenred Ridge Face Mask delivers clinical-style red and near-infrared coverage with 660/850nm diodes, 140 LEDs, and roughly 30W irradiance class output. Built for consistent home and studio sessions.</p><ul><li>Wavelength: 660/850nm</li><li>LEDs: 140</li><li>Power: 30W</li><li>Size: One size / adjustable strap</li><li>Finish: Soft Black</li></ul>","Lumenred","Face & Masks","face-masks, 660/850nm, mask, skin","TRUE","Finish","Soft Black","LR-0042","2500","shopify","25","deny","manual","347.00","409.00","TRUE","TRUE","active"
"lumenred-solace-face-mask-8","Lumenred Solace Face Mask","<p>Lumenred Solace Face Mask delivers clinical-style red and near-infrared coverage with 630/660/850nm diodes, 150 LEDs, and roughly 32W irradiance class output. Built for consistent home and studio sessions.</p><ul><li>Wavelength: 630/660/850nm</li><li>LEDs: 150</li><li>Power: 32W</li><li>Size: One size / adjustable strap</li><li>Finish: Arctic White</li></ul>","Lumenred","Face & Masks","face-masks, 630/660/850nm, mask, skin","TRUE","Finish","Arctic White","LR-0043","2500","shopify","25","deny","manual","375.00","443.00","TRUE","TRUE","active"
"lumenred-axiom-face-mask-9","Lumenred Axiom Face Mask","<p>Lumenred Axiom Face Mask delivers clinical-style red and near-infrared coverage with 660nm diodes, 160 LEDs, and roughly 34W irradiance class output. Built for consistent home and studio sessions.</p><ul><li>Wavelength: 660nm</li><li>LEDs: 160</li><li>Power: 34W</li><li>Size: One size / adjustable strap</li><li>Finish: Matte Graphite</li></ul>","Lumenred","Face & Masks","face-masks, 660nm, mask, skin","TRUE","Finish","Matte Graphite","LR-0044","2500","shopify","25","deny","manual","403.00","476.00","TRUE","TRUE","active"
"lumenred-ember-face-mask-10","Lumenred Ember Face Mask","<p>Lumenred Ember Face Mask delivers clinical-style red and near-infrared coverage with 850nm diodes, 170 LEDs, and roughly 36W irradiance class output. Built for consistent home and studio sessions.</p><ul><li>Wavelength: 850nm</li><li>LEDs: 170</li><li>Power: 36W</li><li>Size: One size / adjustable strap</li><li>Finish: Brushed Steel</li></ul>","Lumenred","Face & Masks","face-masks, 850nm, mask, skin","TRUE","Finish","Brushed Steel","LR-0045","2500","shopify","25","deny","manual","431.00","509.00","TRUE","TRUE","active"
"lumenred-lattice-face-mask-11","Lumenred Lattice Face Mask","<p>Lumenred Lattice Face Mask delivers clinical-style red and near-infrared coverage with 660/850nm diodes, 180 LEDs, and roughly 38W irradiance class output. Built for consistent home and studio sessions.</p><ul><li>Wavelength: 660/850nm</li><li>LEDs: 180</li><li>Power: 38W</li><li>Size: One size / adjustable strap</li><li>Finish: Soft Black</li></ul>","Lumenred","Face & Masks","face-masks, 660/850nm, mask, skin","TRUE","Finish","Soft Black","LR-0046","2500","shopify","25","deny","manual","459.00","542.00","TRUE","TRUE","active"
"lumenred-forge-face-mask-12","Lumenred Forge Face Mask","<p>Lumenred Forge Face Mask delivers clinical-style red and near-infrared coverage with 630/660/850nm diodes, 190 LEDs, and roughly 40W irradiance class output. Built for consistent home and studio sessions.</p><ul><li>Wavelength: 630/660/850nm</li><li>LEDs: 190</li><li>Power: 40W</li><li>Size: One size / adjustable strap</li><li>Finish: Arctic White</li></ul>","Lumenred","Face & Masks","face-masks, 630/660/850nm, mask, skin","TRUE","Finish","Arctic White","LR-0047","2500","shopify","25","deny","manual","487.00","575.00","TRUE","TRUE","active"
"lumenred-flex-knee-wrap-1","Lumenred Flex Knee Wrap","<p>Lumenred Flex Knee Wrap delivers clinical-style red and near-infrared coverage with 660/850nm diodes, 40 LEDs, and roughly 12W irradiance class output. Built for consistent home and studio sessions.</p><ul><li>Wavelength: 660/850nm</li><li>LEDs: 40</li><li>Power: 12W</li><li>Size: Knee contour fit</li><li>Finish: Matte Graphite</li></ul>","Lumenred","Targeted Wraps","targeted-wraps, 660/850nm, wrap, knee","TRUE","Finish","Matte Graphite","LR-0048","2500","shopify","25","deny","manual","129.00","155.00","TRUE","TRUE","active"
"lumenred-flex-shoulder-wrap-2","Lumenred Flex Shoulder Wrap","<p>Lumenred Flex Shoulder Wrap delivers clinical-style red and near-infrared coverage with 630/660/850nm diodes, 46 LEDs, and roughly 15W irradiance class output. Built for consistent home and studio sessions.</p><ul><li>Wavelength: 630/660/850nm</li><li>LEDs: 46</li><li>Power: 15W</li><li>Size: Shoulder contour fit</li><li>Finish: Brushed Steel</li></ul>","Lumenred","Targeted Wraps","targeted-wraps, 630/660/850nm, wrap, shoulder","TRUE","Finish","Brushed Steel","LR-0049","2500","shopify","25","deny","manual","147.00","","TRUE","TRUE","active"
"lumenred-flex-lower-back-wrap-3","Lumenred Flex Lower Back Wrap","<p>Lumenred Flex Lower Back Wrap delivers clinical-style red and near-infrared coverage with 660/810/850nm diodes, 52 LEDs, and roughly 18W irradiance class output. Built for consistent home and studio sessions.</p><ul><li>Wavelength: 660/810/850nm</li><li>LEDs: 52</li><li>Power: 18W</li><li>Size: Lower Back contour fit</li><li>Finish: Soft Black</li></ul>","Lumenred","Targeted Wraps","targeted-wraps, 660/810/850nm, wrap, lower back","TRUE","Finish","Soft Black","LR-0050","2500","shopify","25","deny","manual","165.00","","TRUE","TRUE","active"
"lumenred-flex-neck-wrap-4","Lumenred Flex Neck Wrap","<p>Lumenred Flex Neck Wrap delivers clinical-style red and near-infrared coverage with 630/660/810/850nm diodes, 58 LEDs, and roughly 21W irradiance class output. Built for consistent home and studio sessions.</p><ul><li>Wavelength: 630/660/810/850nm</li><li>LEDs: 58</li><li>Power: 21W</li><li>Size: Neck contour fit</li><li>Finish: Arctic White</li></ul>","Lumenred","Targeted Wraps","targeted-wraps, 630/660/810/850nm, wrap, neck","TRUE","Finish","Arctic White","LR-0051","2500","shopify","25","deny","manual","183.00","220.00","TRUE","TRUE","active"
"lumenred-flex-elbow-wrap-5","Lumenred Flex Elbow Wrap","<p>Lumenred Flex Elbow Wrap delivers clinical-style red and near-infrared coverage with 660nm diodes, 64 LEDs, and roughly 24W irradiance class output. Built for consistent home and studio sessions.</p><ul><li>Wavelength: 660nm</li><li>LEDs: 64</li><li>Power: 24W</li><li>Size: Elbow contour fit</li><li>Finish: Matte Graphite</li></ul>","Lumenred","Targeted Wraps","targeted-wraps, 660nm, wrap, elbow","TRUE","Finish","Matte Graphite","LR-0052","2500","shopify","25","deny","manual","201.00","","TRUE","TRUE","active"
"lumenred-flex-wrist-wrap-6","Lumenred Flex Wrist Wrap","<p>Lumenred Flex Wrist Wrap delivers clinical-style red and near-infrared coverage with 850nm diodes, 70 LEDs, and roughly 27W irradiance class output. Built for consistent home and studio sessions.</p><ul><li>Wavelength: 850nm</li><li>LEDs: 70</li><li>Power: 27W</li><li>Size: Wrist contour fit</li><li>Finish: Brushed Steel</li></ul>","Lumenred","Targeted Wraps","targeted-wraps, 850nm, wrap, wrist","TRUE","Finish","Brushed Steel","LR-0053","2500","shopify","25","deny","manual","219.00","","TRUE","TRUE","active"
"lumenred-flex-hip-wrap-7","Lumenred Flex Hip Wrap","<p>Lumenred Flex Hip Wrap delivers clinical-style red and near-infrared coverage with 660/850nm diodes, 76 LEDs, and roughly 12W irradiance class output. Built for consistent home and studio sessions.</p><ul><li>Wavelength: 660/850nm</li><li>LEDs: 76</li><li>Power: 12W</li><li>Size: Hip contour fit</li><li>Finish: Soft Black</li></ul>","Lumenred","Targeted Wraps","targeted-wraps, 660/850nm, wrap, hip","TRUE","Finish","Soft Black","LR-0054","2500","shopify","25","deny","manual","237.00","284.00","TRUE","TRUE","active"
"lumenred-flex-calf-wrap-8","Lumenred Flex Calf Wrap","<p>Lumenred Flex Calf Wrap delivers clinical-style red and near-infrared coverage with 630/660/850nm diodes, 82 LEDs, and roughly 15W irradiance class output. Built for consistent home and studio sessions.</p><ul><li>Wavelength: 630/660/850nm</li><li>LEDs: 82</li><li>Power: 15W</li><li>Size: Calf contour fit</li><li>Finish: Arctic White</li></ul>","Lumenred","Targeted Wraps","targeted-wraps, 630/660/850nm, wrap, calf","TRUE","Finish","Arctic White","LR-0055","2500","shopify","25","deny","manual","255.00","","TRUE","TRUE","active"
"lumenred-flex-foot-wrap-9","Lumenred Flex Foot Wrap","<p>Lumenred Flex Foot Wrap delivers clinical-style red and near-infrared coverage with 660/810/850nm diodes, 88 LEDs, and roughly 18W irradiance class output. Built for consistent home and studio sessions.</p><ul><li>Wavelength: 660/810/850nm</li><li>LEDs: 88</li><li>Power: 18W</li><li>Size: Foot contour fit</li><li>Finish: Matte Graphite</li></ul>","Lumenred","Targeted Wraps","targeted-wraps, 660/810/850nm, wrap, foot","TRUE","Finish","Matte Graphite","LR-0056","2500","shopify","25","deny","manual","273.00","","TRUE","TRUE","active"
"lumenred-flex-abdomen-wrap-10","Lumenred Flex Abdomen Wrap","<p>Lumenred Flex Abdomen Wrap delivers clinical-style red and near-infrared coverage with 630/660/810/850nm diodes, 94 LEDs, and roughly 21W irradiance class output. Built for consistent home and studio sessions.</p><ul><li>Wavelength: 630/660/810/850nm</li><li>LEDs: 94</li><li>Power: 21W</li><li>Size: Abdomen contour fit</li><li>Finish: Brushed Steel</li></ul>","Lumenred","Targeted Wraps","targeted-wraps, 630/660/810/850nm, wrap, abdomen","TRUE","Finish","Brushed Steel","LR-0057","2500","shopify","25","deny","manual","291.00","349.00","TRUE","TRUE","active"
"lumenred-flex-knee-wrap-11","Lumenred Flex Knee Wrap","<p>Lumenred Flex Knee Wrap delivers clinical-style red and near-infrared coverage with 660nm diodes, 100 LEDs, and roughly 24W irradiance class output. Built for consistent home and studio sessions.</p><ul><li>Wavelength: 660nm</li><li>LEDs: 100</li><li>Power: 24W</li><li>Size: Knee contour fit</li><li>Finish: Soft Black</li></ul>","Lumenred","Targeted Wraps","targeted-wraps, 660nm, wrap, knee","TRUE","Finish","Soft Black","LR-0058","2500","shopify","25","deny","manual","309.00","","TRUE","TRUE","active"
"lumenred-flex-shoulder-wrap-12","Lumenred Flex Shoulder Wrap","<p>Lumenred Flex Shoulder Wrap delivers clinical-style red and near-infrared coverage with 850nm diodes, 106 LEDs, and roughly 27W irradiance class output. Built for consistent home and studio sessions.</p><ul><li>Wavelength: 850nm</li><li>LEDs: 106</li><li>Power: 27W</li><li>Size: Shoulder contour fit</li><li>Finish: Arctic White</li></ul>","Lumenred","Targeted Wraps","targeted-wraps, 850nm, wrap, shoulder","TRUE","Finish","Arctic White","LR-0059","2500","shopify","25","deny","manual","327.00","","TRUE","TRUE","active"
"lumenred-flex-lower-back-wrap-13","Lumenred Flex Lower Back Wrap","<p>Lumenred Flex Lower Back Wrap delivers clinical-style red and near-infrared coverage with 660/850nm diodes, 112 LEDs, and roughly 12W irradiance class output. Built for consistent home and studio sessions.</p><ul><li>Wavelength: 660/850nm</li><li>LEDs: 112</li><li>Power: 12W</li><li>Size: Lower Back contour fit</li><li>Finish: Matte Graphite</li></ul>","Lumenred","Targeted Wraps","targeted-wraps, 660/850nm, wrap, lower back","TRUE","Finish","Matte Graphite","LR-0060","2500","shopify","25","deny","manual","345.00","414.00","TRUE","TRUE","active"
"lumenred-flex-neck-wrap-14","Lumenred Flex Neck Wrap","<p>Lumenred Flex Neck Wrap delivers clinical-style red and near-infrared coverage with 630/660/850nm diodes, 118 LEDs, and roughly 15W irradiance class output. Built for consistent home and studio sessions.</p><ul><li>Wavelength: 630/660/850nm</li><li>LEDs: 118</li><li>Power: 15W</li><li>Size: Neck contour fit</li><li>Finish: Brushed Steel</li></ul>","Lumenred","Targeted Wraps","targeted-wraps, 630/660/850nm, wrap, neck","TRUE","Finish","Brushed Steel","LR-0061","2500","shopify","25","deny","manual","363.00","","TRUE","TRUE","active"
"lumenred-flex-elbow-wrap-15","Lumenred Flex Elbow Wrap","<p>Lumenred Flex Elbow Wrap delivers clinical-style red and near-infrared coverage with 660/810/850nm diodes, 124 LEDs, and roughly 18W irradiance class output. Built for consistent home and studio sessions.</p><ul><li>Wavelength: 660/810/850nm</li><li>LEDs: 124</li><li>Power: 18W</li><li>Size: Elbow contour fit</li><li>Finish: Soft Black</li></ul>","Lumenred","Targeted Wraps","targeted-wraps, 660/810/850nm, wrap, elbow","TRUE","Finish","Soft Black","LR-0062","2500","shopify","25","deny","manual","381.00","","TRUE","TRUE","active"
"lumenred-flex-wrist-wrap-16","Lumenred Flex Wrist Wrap","<p>Lumenred Flex Wrist Wrap delivers clinical-style red and near-infrared coverage with 630/660/810/850nm diodes, 130 LEDs, and roughly 21W irradiance class output. Built for consistent home and studio sessions.</p><ul><li>Wavelength: 630/660/810/850nm</li><li>LEDs: 130</li><li>Power: 21W</li><li>Size: Wrist contour fit</li><li>Finish: Arctic White</li></ul>","Lumenred","Targeted Wraps","targeted-wraps, 630/660/810/850nm, wrap, wrist","TRUE","Finish","Arctic White","LR-0063","2500","shopify","25","deny","manual","399.00","479.00","TRUE","TRUE","active"
"lumenred-flex-hip-wrap-17","Lumenred Flex Hip Wrap","<p>Lumenred Flex Hip Wrap delivers clinical-style red and near-infrared coverage with 660nm diodes, 136 LEDs, and roughly 24W irradiance class output. Built for consistent home and studio sessions.</p><ul><li>Wavelength: 660nm</li><li>LEDs: 136</li><li>Power: 24W</li><li>Size: Hip contour fit</li><li>Finish: Matte Graphite</li></ul>","Lumenred","Targeted Wraps","targeted-wraps, 660nm, wrap, hip","TRUE","Finish","Matte Graphite","LR-0064","2500","shopify","25","deny","manual","417.00","","TRUE","TRUE","active"
"lumenred-flex-calf-wrap-18","Lumenred Flex Calf Wrap","<p>Lumenred Flex Calf Wrap delivers clinical-style red and near-infrared coverage with 850nm diodes, 142 LEDs, and roughly 27W irradiance class output. Built for consistent home and studio sessions.</p><ul><li>Wavelength: 850nm</li><li>LEDs: 142</li><li>Power: 27W</li><li>Size: Calf contour fit</li><li>Finish: Brushed Steel</li></ul>","Lumenred","Targeted Wraps","targeted-wraps, 850nm, wrap, calf","TRUE","Finish","Brushed Steel","LR-0065","2500","shopify","25","deny","manual","435.00","","TRUE","TRUE","active"
"lumenred-flex-foot-wrap-19","Lumenred Flex Foot Wrap","<p>Lumenred Flex Foot Wrap delivers clinical-style red and near-infrared coverage with 660/850nm diodes, 148 LEDs, and roughly 12W irradiance class output. Built for consistent home and studio sessions.</p><ul><li>Wavelength: 660/850nm</li><li>LEDs: 148</li><li>Power: 12W</li><li>Size: Foot contour fit</li><li>Finish: Soft Black</li></ul>","Lumenred","Targeted Wraps","targeted-wraps, 660/850nm, wrap, foot","TRUE","Finish","Soft Black","LR-0066","2500","shopify","25","deny","manual","453.00","544.00","TRUE","TRUE","active"
"lumenred-flex-abdomen-wrap-20","Lumenred Flex Abdomen Wrap","<p>Lumenred Flex Abdomen Wrap delivers clinical-style red and near-infrared coverage with 630/660/850nm diodes, 154 LEDs, and roughly 15W irradiance class output. Built for consistent home and studio sessions.</p><ul><li>Wavelength: 630/660/850nm</li><li>LEDs: 154</li><li>Power: 15W</li><li>Size: Abdomen contour fit</li><li>Finish: Arctic White</li></ul>","Lumenred","Targeted Wraps","targeted-wraps, 630/660/850nm, wrap, abdomen","TRUE","Finish","Arctic White","LR-0067","2500","shopify","25","deny","manual","471.00","","TRUE","TRUE","active"
"lumenred-stride-spot-wand-1","Lumenred Stride Spot Wand","<p>Lumenred Stride Spot Wand delivers clinical-style red and near-infrared coverage with 660nm diodes, 12 LEDs, and roughly 8W irradiance class output. Built for consistent home and studio sessions.</p><ul><li>Wavelength: 660nm</li><li>LEDs: 12</li><li>Power: 8W</li><li>Size: 8"" handheld</li><li>Finish: Matte Graphite</li></ul>","Lumenred","Handheld Devices","handheld, 660nm, handheld, portable","TRUE","Finish","Matte Graphite","LR-0068","2500","shopify","25","deny","manual","99.00","","TRUE","TRUE","active"
"lumenred-nova-spot-wand-2","Lumenred Nova Spot Wand","<p>Lumenred Nova Spot Wand delivers clinical-style red and near-infrared coverage with 850nm diodes, 16 LEDs, and roughly 10W irradiance class output. Built for consistent home and studio sessions.</p><ul><li>Wavelength: 850nm</li><li>LEDs: 16</li><li>Power: 10W</li><li>Size: 8"" handheld</li><li>Finish: Brushed Steel</li></ul>","Lumenred","Handheld Devices","handheld, 850nm, handheld, portable","TRUE","Finish","Brushed Steel","LR-0069","2500","shopify","25","deny","manual","121.00","","TRUE","TRUE","active"
"lumenred-ridge-spot-wand-3","Lumenred Ridge Spot Wand","<p>Lumenred Ridge Spot Wand delivers clinical-style red and near-infrared coverage with 660/850nm diodes, 20 LEDs, and roughly 12W irradiance class output. Built for consistent home and studio sessions.</p><ul><li>Wavelength: 660/850nm</li><li>LEDs: 20</li><li>Power: 12W</li><li>Size: 8"" handheld</li><li>Finish: Soft Black</li></ul>","Lumenred","Handheld Devices","handheld, 660/850nm, handheld, portable","TRUE","Finish","Soft Black","LR-0070","2500","shopify","25","deny","manual","143.00","","TRUE","TRUE","active"
"lumenred-solace-spot-wand-4","Lumenred Solace Spot Wand","<p>Lumenred Solace Spot Wand delivers clinical-style red and near-infrared coverage with 630/660/850nm diodes, 24 LEDs, and roughly 14W irradiance class output. Built for consistent home and studio sessions.</p><ul><li>Wavelength: 630/660/850nm</li><li>LEDs: 24</li><li>Power: 14W</li><li>Size: 8"" handheld</li><li>Finish: Arctic White</li></ul>","Lumenred","Handheld Devices","handheld, 630/660/850nm, handheld, portable","TRUE","Finish","Arctic White","LR-0071","2500","shopify","25","deny","manual","165.00","","TRUE","TRUE","active"
"lumenred-axiom-spot-wand-5","Lumenred Axiom Spot Wand","<p>Lumenred Axiom Spot Wand delivers clinical-style red and near-infrared coverage with 660/810/850nm diodes, 28 LEDs, and roughly 16W irradiance class output. Built for consistent home and studio sessions.</p><ul><li>Wavelength: 660/810/850nm</li><li>LEDs: 28</li><li>Power: 16W</li><li>Size: 8"" handheld</li><li>Finish: Matte Graphite</li></ul>","Lumenred","Handheld Devices","handheld, 660/810/850nm, handheld, portable","TRUE","Finish","Matte Graphite","LR-0072","2500","shopify","25","deny","manual","187.00","","TRUE","TRUE","active"
"lumenred-ember-spot-wand-6","Lumenred Ember Spot Wand","<p>Lumenred Ember Spot Wand delivers clinical-style red and near-infrared coverage with 630/660/810/850nm diodes, 32 LEDs, and roughly 18W irradiance class output. Built for consistent home and studio sessions.</p><ul><li>Wavelength: 630/660/810/850nm</li><li>LEDs: 32</li><li>Power: 18W</li><li>Size: 8"" handheld</li><li>Finish: Brushed Steel</li></ul>","Lumenred","Handheld Devices","handheld, 630/660/810/850nm, handheld, portable","TRUE","Finish","Brushed Steel","LR-0073","2500","shopify","25","deny","manual","209.00","","TRUE","TRUE","active"
"lumenred-lattice-spot-wand-7","Lumenred Lattice Spot Wand","<p>Lumenred Lattice Spot Wand delivers clinical-style red and near-infrared coverage with 660nm diodes, 36 LEDs, and roughly 20W irradiance class output. Built for consistent home and studio sessions.</p><ul><li>Wavelength: 660nm</li><li>LEDs: 36</li><li>Power: 20W</li><li>Size: 8"" handheld</li><li>Finish: Soft Black</li></ul>","Lumenred","Handheld Devices","handheld, 660nm, handheld, portable","TRUE","Finish","Soft Black","LR-0074","2500","shopify","25","deny","manual","231.00","","TRUE","TRUE","active"
"lumenred-forge-spot-wand-8","Lumenred Forge Spot Wand","<p>Lumenred Forge Spot Wand delivers clinical-style red and near-infrared coverage with 850nm diodes, 40 LEDs, and roughly 22W irradiance class output. Built for consistent home and studio sessions.</p><ul><li>Wavelength: 850nm</li><li>LEDs: 40</li><li>Power: 22W</li><li>Size: 8"" handheld</li><li>Finish: Arctic White</li></ul>","Lumenred","Handheld Devices","handheld, 850nm, handheld, portable","TRUE","Finish","Arctic White","LR-0075","2500","shopify","25","deny","manual","253.00","","TRUE","TRUE","active"
"lumenred-pulse-spot-wand-9","Lumenred Pulse Spot Wand","<p>Lumenred Pulse Spot Wand delivers clinical-style red and near-infrared coverage with 660/850nm diodes, 44 LEDs, and roughly 24W irradiance class output. Built for consistent home and studio sessions.</p><ul><li>Wavelength: 660/850nm</li><li>LEDs: 44</li><li>Power: 24W</li><li>Size: 8"" handheld</li><li>Finish: Matte Graphite</li></ul>","Lumenred","Handheld Devices","handheld, 660/850nm, handheld, portable","TRUE","Finish","Matte Graphite","LR-0076","2500","shopify","25","deny","manual","275.00","","TRUE","TRUE","active"
"lumenred-aura-spot-wand-10","Lumenred Aura Spot Wand","<p>Lumenred Aura Spot Wand delivers clinical-style red and near-infrared coverage with 630/660/850nm diodes, 48 LEDs, and roughly 26W irradiance class output. Built for consistent home and studio sessions.</p><ul><li>Wavelength: 630/660/850nm</li><li>LEDs: 48</li><li>Power: 26W</li><li>Size: 8"" handheld</li><li>Finish: Brushed Steel</li></ul>","Lumenred","Handheld Devices","handheld, 630/660/850nm, handheld, portable","TRUE","Finish","Brushed Steel","LR-0077","2500","shopify","25","deny","manual","297.00","","TRUE","TRUE","active"
"lumenred-vertex-spot-wand-11","Lumenred Vertex Spot Wand","<p>Lumenred Vertex Spot Wand delivers clinical-style red and near-infrared coverage with 660/810/850nm diodes, 52 LEDs, and roughly 28W irradiance class output. Built for consistent home and studio sessions.</p><ul><li>Wavelength: 660/810/850nm</li><li>LEDs: 52</li><li>Power: 28W</li><li>Size: 8"" handheld</li><li>Finish: Soft Black</li></ul>","Lumenred","Handheld Devices","handheld, 660/810/850nm, handheld, portable","TRUE","Finish","Soft Black","LR-0078","2500","shopify","25","deny","manual","319.00","","TRUE","TRUE","active"
"lumenred-halo-spot-wand-12","Lumenred Halo Spot Wand","<p>Lumenred Halo Spot Wand delivers clinical-style red and near-infrared coverage with 630/660/810/850nm diodes, 56 LEDs, and roughly 30W irradiance class output. Built for consistent home and studio sessions.</p><ul><li>Wavelength: 630/660/810/850nm</li><li>LEDs: 56</li><li>Power: 30W</li><li>Size: 8"" handheld</li><li>Finish: Arctic White</li></ul>","Lumenred","Handheld Devices","handheld, 630/660/810/850nm, handheld, portable","TRUE","Finish","Arctic White","LR-0079","2500","shopify","25","deny","manual","341.00","","TRUE","TRUE","active"
"lumenred-aura-recovery-bed-1","Lumenred Aura Recovery Bed 1","<p>Lumenred Aura Recovery Bed 1 delivers clinical-style red and near-infrared coverage with 630/660/810/850nm diodes, 2000 LEDs, and roughly 800W irradiance class output. Built for consistent home and studio sessions.</p><ul><li>Wavelength: 630/660/810/850nm</li><li>LEDs: 2000</li><li>Power: 800W</li><li>Size: 72"" canopy system</li><li>Finish: Matte Graphite</li></ul>","Lumenred","Beds & Systems","beds-systems, 630/660/810/850nm, bed, studio, pro","TRUE","Finish","Matte Graphite","LR-0080","2500","shopify","25","deny","manual","4999.00","5399.00","TRUE","TRUE","active"
"lumenred-vertex-recovery-bed-2","Lumenred Vertex Recovery Bed 2","<p>Lumenred Vertex Recovery Bed 2 delivers clinical-style red and near-infrared coverage with 630/660/810/850nm diodes, 2250 LEDs, and roughly 920W irradiance class output. Built for consistent home and studio sessions.</p><ul><li>Wavelength: 630/660/810/850nm</li><li>LEDs: 2250</li><li>Power: 920W</li><li>Size: 73"" canopy system</li><li>Finish: Brushed Steel</li></ul>","Lumenred","Beds & Systems","beds-systems, 630/660/810/850nm, bed, studio, pro","TRUE","Finish","Brushed Steel","LR-0081","2500","shopify","25","deny","manual","5849.00","6317.00","TRUE","TRUE","active"
"lumenred-halo-recovery-bed-3","Lumenred Halo Recovery Bed 3","<p>Lumenred Halo Recovery Bed 3 delivers clinical-style red and near-infrared coverage with 630/660/810/850nm diodes, 2500 LEDs, and roughly 1040W irradiance class output. Built for consistent home and studio sessions.</p><ul><li>Wavelength: 630/660/810/850nm</li><li>LEDs: 2500</li><li>Power: 1040W</li><li>Size: 74"" canopy system</li><li>Finish: Soft Black</li></ul>","Lumenred","Beds & Systems","beds-systems, 630/660/810/850nm, bed, studio, pro","TRUE","Finish","Soft Black","LR-0082","2500","shopify","25","deny","manual","6699.00","7235.00","TRUE","TRUE","active"
"lumenred-stride-recovery-bed-4","Lumenred Stride Recovery Bed 4","<p>Lumenred Stride Recovery Bed 4 delivers clinical-style red and near-infrared coverage with 630/660/810/850nm diodes, 2750 LEDs, and roughly 1160W irradiance class output. Built for consistent home and studio sessions.</p><ul><li>Wavelength: 630/660/810/850nm</li><li>LEDs: 2750</li><li>Power: 1160W</li><li>Size: 75"" canopy system</li><li>Finish: Arctic White</li></ul>","Lumenred","Beds & Systems","beds-systems, 630/660/810/850nm, bed, studio, pro","TRUE","Finish","Arctic White","LR-0083","2500","shopify","25","deny","manual","7549.00","8153.00","TRUE","TRUE","active"
"lumenred-nova-recovery-bed-5","Lumenred Nova Recovery Bed 5","<p>Lumenred Nova Recovery Bed 5 delivers clinical-style red and near-infrared coverage with 630/660/810/850nm diodes, 3000 LEDs, and roughly 1280W irradiance class output. Built for consistent home and studio sessions.</p><ul><li>Wavelength: 630/660/810/850nm</li><li>LEDs: 3000</li><li>Power: 1280W</li><li>Size: 76"" canopy system</li><li>Finish: Matte Graphite</li></ul>","Lumenred","Beds & Systems","beds-systems, 630/660/810/850nm, bed, studio, pro","TRUE","Finish","Matte Graphite","LR-0084","2500","shopify","25","deny","manual","8399.00","9071.00","TRUE","TRUE","active"
"lumenred-ridge-recovery-bed-6","Lumenred Ridge Recovery Bed 6","<p>Lumenred Ridge Recovery Bed 6 delivers clinical-style red and near-infrared coverage with 630/660/810/850nm diodes, 3250 LEDs, and roughly 1400W irradiance class output. Built for consistent home and studio sessions.</p><ul><li>Wavelength: 630/660/810/850nm</li><li>LEDs: 3250</li><li>Power: 1400W</li><li>Size: 77"" canopy system</li><li>Finish: Brushed Steel</li></ul>","Lumenred","Beds & Systems","beds-systems, 630/660/810/850nm, bed, studio, pro","TRUE","Finish","Brushed Steel","LR-0085","2500","shopify","25","deny","manual","9249.00","9989.00","TRUE","TRUE","active"
"lumenred-solace-recovery-bed-7","Lumenred Solace Recovery Bed 7","<p>Lumenred Solace Recovery Bed 7 delivers clinical-style red and near-infrared coverage with 630/660/810/850nm diodes, 3500 LEDs, and roughly 1520W irradiance class output. Built for consistent home and studio sessions.</p><ul><li>Wavelength: 630/660/810/850nm</li><li>LEDs: 3500</li><li>Power: 1520W</li><li>Size: 78"" canopy system</li><li>Finish: Soft Black</li></ul>","Lumenred","Beds & Systems","beds-systems, 630/660/810/850nm, bed, studio, pro","TRUE","Finish","Soft Black","LR-0086","2500","shopify","25","deny","manual","10099.00","10907.00","TRUE","TRUE","active"
"lumenred-axiom-recovery-bed-8","Lumenred Axiom Recovery Bed 8","<p>Lumenred Axiom Recovery Bed 8 delivers clinical-style red and near-infrared coverage with 630/660/810/850nm diodes, 3750 LEDs, and roughly 1640W irradiance class output. Built for consistent home and studio sessions.</p><ul><li>Wavelength: 630/660/810/850nm</li><li>LEDs: 3750</li><li>Power: 1640W</li><li>Size: 79"" canopy system</li><li>Finish: Arctic White</li></ul>","Lumenred","Beds & Systems","beds-systems, 630/660/810/850nm, bed, studio, pro","TRUE","Finish","Arctic White","LR-0087","2500","shopify","25","deny","manual","10949.00","11825.00","TRUE","TRUE","active"
"lumenred-rolling-stand-1","Lumenred Rolling Stand","<p>Lumenred Rolling Stand delivers clinical-style red and near-infrared coverage with — diodes, 0 LEDs, and roughly 0W irradiance class output. Built for consistent home and studio sessions.</p><ul><li>Wavelength: —</li><li>LEDs: 0</li><li>Power: 0W</li><li>Size: Universal fit</li><li>Finish: Matte Graphite</li></ul>","Lumenred","Accessories","accessories, —, accessory, accessory-stand","TRUE","Finish","Matte Graphite","LR-0088","2500","shopify","25","deny","manual","189.00","","TRUE","TRUE","active"
"lumenred-wall-mount-kit-2","Lumenred Wall Mount Kit","<p>Lumenred Wall Mount Kit delivers clinical-style red and near-infrared coverage with — diodes, 0 LEDs, and roughly 0W irradiance class output. Built for consistent home and studio sessions.</p><ul><li>Wavelength: —</li><li>LEDs: 0</li><li>Power: 0W</li><li>Size: Universal fit</li><li>Finish: Brushed Steel</li></ul>","Lumenred","Accessories","accessories, —, accessory, accessory-mount","TRUE","Finish","Brushed Steel","LR-0089","2500","shopify","25","deny","manual","79.00","","TRUE","TRUE","active"
"lumenred-protective-goggles-3","Lumenred Protective Goggles","<p>Lumenred Protective Goggles delivers clinical-style red and near-infrared coverage with — diodes, 0 LEDs, and roughly 0W irradiance class output. Built for consistent home and studio sessions.</p><ul><li>Wavelength: —</li><li>LEDs: 0</li><li>Power: 0W</li><li>Size: Universal fit</li><li>Finish: Soft Black</li></ul>","Lumenred","Accessories","accessories, —, accessory, accessory-goggles","TRUE","Finish","Soft Black","LR-0090","2500","shopify","25","deny","manual","29.00","","TRUE","TRUE","active"
"lumenred-door-hook-mount-4","Lumenred Door Hook Mount","<p>Lumenred Door Hook Mount delivers clinical-style red and near-infrared coverage with — diodes, 0 LEDs, and roughly 0W irradiance class output. Built for consistent home and studio sessions.</p><ul><li>Wavelength: —</li><li>LEDs: 0</li><li>Power: 0W</li><li>Size: Universal fit</li><li>Finish: Arctic White</li></ul>","Lumenred","Accessories","accessories, —, accessory, accessory-hook","TRUE","Finish","Arctic White","LR-0091","2500","shopify","25","deny","manual","49.00","","TRUE","TRUE","active"
"lumenred-session-timer-remote-5","Lumenred Session Timer Remote","<p>Lumenred Session Timer Remote delivers clinical-style red and near-infrared coverage with — diodes, 0 LEDs, and roughly 0W irradiance class output. Built for consistent home and studio sessions.</p><ul><li>Wavelength: —</li><li>LEDs: 0</li><li>Power: 0W</li><li>Size: Universal fit</li><li>Finish: Matte Graphite</li></ul>","Lumenred","Accessories","accessories, —, accessory, accessory-remote","TRUE","Finish","Matte Graphite","LR-0092","2500","shopify","25","deny","manual","59.00","","TRUE","TRUE","active"
"lumenred-travel-case-6","Lumenred Travel Case","<p>Lumenred Travel Case delivers clinical-style red and near-infrared coverage with — diodes, 0 LEDs, and roughly 0W irradiance class output. Built for consistent home and studio sessions.</p><ul><li>Wavelength: —</li><li>LEDs: 0</li><li>Power: 0W</li><li>Size: Universal fit</li><li>Finish: Brushed Steel</li></ul>","Lumenred","Accessories","accessories, —, accessory, accessory-case","TRUE","Finish","Brushed Steel","LR-0093","2500","shopify","25","deny","manual","119.00","","TRUE","TRUE","active"
"lumenred-extension-cable-10ft-7","Lumenred Extension Cable 10ft","<p>Lumenred Extension Cable 10ft delivers clinical-style red and near-infrared coverage with — diodes, 0 LEDs, and roughly 0W irradiance class output. Built for consistent home and studio sessions.</p><ul><li>Wavelength: —</li><li>LEDs: 0</li><li>Power: 0W</li><li>Size: Universal fit</li><li>Finish: Soft Black</li></ul>","Lumenred","Accessories","accessories, —, accessory, accessory-cable","TRUE","Finish","Soft Black","LR-0094","2500","shopify","25","deny","manual","39.00","","TRUE","TRUE","active"
"lumenred-floor-stabilizer-base-8","Lumenred Floor Stabilizer Base","<p>Lumenred Floor Stabilizer Base delivers clinical-style red and near-infrared coverage with — diodes, 0 LEDs, and roughly 0W irradiance class output. Built for consistent home and studio sessions.</p><ul><li>Wavelength: —</li><li>LEDs: 0</li><li>Power: 0W</li><li>Size: Universal fit</li><li>Finish: Arctic White</li></ul>","Lumenred","Accessories","accessories, —, accessory, accessory-base","TRUE","Finish","Arctic White","LR-0095","2500","shopify","25","deny","manual","149.00","","TRUE","TRUE","active"
"lumenred-dual-panel-linker-9","Lumenred Dual Panel Linker","<p>Lumenred Dual Panel Linker delivers clinical-style red and near-infrared coverage with — diodes, 0 LEDs, and roughly 0W irradiance class output. Built for consistent home and studio sessions.</p><ul><li>Wavelength: —</li><li>LEDs: 0</li><li>Power: 0W</li><li>Size: Universal fit</li><li>Finish: Matte Graphite</li></ul>","Lumenred","Accessories","accessories, —, accessory, accessory-linker","TRUE","Finish","Matte Graphite","LR-0096","2500","shopify","25","deny","manual","99.00","","TRUE","TRUE","active"
"lumenred-cleaning-kit-10","Lumenred Cleaning Kit","<p>Lumenred Cleaning Kit delivers clinical-style red and near-infrared coverage with — diodes, 0 LEDs, and roughly 0W irradiance class output. Built for consistent home and studio sessions.</p><ul><li>Wavelength: —</li><li>LEDs: 0</li><li>Power: 0W</li><li>Size: Universal fit</li><li>Finish: Brushed Steel</li></ul>","Lumenred","Accessories","accessories, —, accessory, accessory-clean","TRUE","Finish","Brushed Steel","LR-0097","2500","shopify","25","deny","manual","24.00","","TRUE","TRUE","active"
"lumenred-ceiling-suspension-kit-11","Lumenred Ceiling Suspension Kit","<p>Lumenred Ceiling Suspension Kit delivers clinical-style red and near-infrared coverage with — diodes, 0 LEDs, and roughly 0W irradiance class output. Built for consistent home and studio sessions.</p><ul><li>Wavelength: —</li><li>LEDs: 0</li><li>Power: 0W</li><li>Size: Universal fit</li><li>Finish: Soft Black</li></ul>","Lumenred","Accessories","accessories, —, accessory, accessory-ceiling","TRUE","Finish","Soft Black","LR-0098","2500","shopify","25","deny","manual","169.00","","TRUE","TRUE","active"
"lumenred-pulse-controller-12","Lumenred Pulse Controller","<p>Lumenred Pulse Controller delivers clinical-style red and near-infrared coverage with — diodes, 0 LEDs, and roughly 0W irradiance class output. Built for consistent home and studio sessions.</p><ul><li>Wavelength: —</li><li>LEDs: 0</li><li>Power: 0W</li><li>Size: Universal fit</li><li>Finish: Arctic White</li></ul>","Lumenred","Accessories","accessories, —, accessory, accessory-pulse","TRUE","Finish","Arctic White","LR-0099","2500","shopify","25","deny","manual","129.00","","TRUE","TRUE","active"
"lumenred-tabletop-easel-13","Lumenred Tabletop Easel","<p>Lumenred Tabletop Easel delivers clinical-style red and near-infrared coverage with — diodes, 0 LEDs, and roughly 0W irradiance class output. Built for consistent home and studio sessions.</p><ul><li>Wavelength: —</li><li>LEDs: 0</li><li>Power: 0W</li><li>Size: Universal fit</li><li>Finish: Matte Graphite</li></ul>","Lumenred","Accessories","accessories, —, accessory, accessory-easel","TRUE","Finish","Matte Graphite","LR-0100","2500","shopify","25","deny","manual","69.00","","TRUE","TRUE","active"
"lumenred-protective-dust-cover-14","Lumenred Protective Dust Cover","<p>Lumenred Protective Dust Cover delivers clinical-style red and near-infrared coverage with — diodes, 0 LEDs, and roughly 0W irradiance class output. Built for consistent home and studio sessions.</p><ul><li>Wavelength: —</li><li>LEDs: 0</li><li>Power: 0W</li><li>Size: Universal fit</li><li>Finish: Brushed Steel</li></ul>","Lumenred","Accessories","accessories, —, accessory, accessory-cover","TRUE","Finish","Brushed Steel","LR-0101","2500","shopify","25","deny","manual","34.00","","TRUE","TRUE","active"
"lumenred-hard-shipping-crate-15","Lumenred Hard Shipping Crate","<p>Lumenred Hard Shipping Crate delivers clinical-style red and near-infrared coverage with — diodes, 0 LEDs, and roughly 0W irradiance class output. Built for consistent home and studio sessions.</p><ul><li>Wavelength: —</li><li>LEDs: 0</li><li>Power: 0W</li><li>Size: Universal fit</li><li>Finish: Soft Black</li></ul>","Lumenred","Accessories","accessories, —, accessory, accessory-crate","TRUE","Finish","Soft Black","LR-0102","2500","shopify","25","deny","manual","249.00","","TRUE","TRUE","active"
"lumenred-ir-safety-glasses-pro-16","Lumenred IR Safety Glasses Pro","<p>Lumenred IR Safety Glasses Pro delivers clinical-style red and near-infrared coverage with — diodes, 0 LEDs, and roughly 0W irradiance class output. Built for consistent home and studio sessions.</p><ul><li>Wavelength: —</li><li>LEDs: 0</li><li>Power: 0W</li><li>Size: Universal fit</li><li>Finish: Arctic White</li></ul>","Lumenred","Accessories","accessories, —, accessory, accessory-glasses","TRUE","Finish","Arctic White","LR-0103","2500","shopify","25","deny","manual","45.00","","TRUE","TRUE","active"
"lumenred-mobile-dolly-17","Lumenred Mobile Dolly","<p>Lumenred Mobile Dolly delivers clinical-style red and near-infrared coverage with — diodes, 0 LEDs, and roughly 0W irradiance class output. Built for consistent home and studio sessions.</p><ul><li>Wavelength: —</li><li>LEDs: 0</li><li>Power: 0W</li><li>Size: Universal fit</li><li>Finish: Matte Graphite</li></ul>","Lumenred","Accessories","accessories, —, accessory, accessory-dolly","TRUE","Finish","Matte Graphite","LR-0104","2500","shopify","25","deny","manual","229.00","","TRUE","TRUE","active"
"lumenred-multi-outlet-hub-18","Lumenred Multi-Outlet Hub","<p>Lumenred Multi-Outlet Hub delivers clinical-style red and near-infrared coverage with — diodes, 0 LEDs, and roughly 0W irradiance class output. Built for consistent home and studio sessions.</p><ul><li>Wavelength: —</li><li>LEDs: 0</li><li>Power: 0W</li><li>Size: Universal fit</li><li>Finish: Brushed Steel</li></ul>","Lumenred","Accessories","accessories, —, accessory, accessory-hub","TRUE","Finish","Brushed Steel","LR-0105","2500","shopify","25","deny","manual","54.00","","TRUE","TRUE","active"
"lumenred-calibration-card-19","Lumenred Calibration Card","<p>Lumenred Calibration Card delivers clinical-style red and near-infrared coverage with — diodes, 0 LEDs, and roughly 0W irradiance class output. Built for consistent home and studio sessions.</p><ul><li>Wavelength: —</li><li>LEDs: 0</li><li>Power: 0W</li><li>Size: Universal fit</li><li>Finish: Soft Black</li></ul>","Lumenred","Accessories","accessories, —, accessory, accessory-cal","TRUE","Finish","Soft Black","LR-0106","2500","shopify","25","deny","manual","19.00","","TRUE","TRUE","active"
"lumenred-studio-anchor-set-20","Lumenred Studio Anchor Set","<p>Lumenred Studio Anchor Set delivers clinical-style red and near-infrared coverage with — diodes, 0 LEDs, and roughly 0W irradiance class output. Built for consistent home and studio sessions.</p><ul><li>Wavelength: —</li><li>LEDs: 0</li><li>Power: 0W</li><li>Size: Universal fit</li><li>Finish: Arctic White</li></ul>","Lumenred","Accessories","accessories, —, accessory, accessory-anchor","TRUE","Finish","Arctic White","LR-0107","2500","shopify","25","deny","manual","89.00","","TRUE","TRUE","active"
"lumenred-starter-desk-kit","Lumenred Starter Desk Kit","<p>Lumenred Starter Desk Kit delivers clinical-style red and near-infrared coverage with 660nm diodes, 100 LEDs, and roughly 40W irradiance class output. Built for consistent home and studio sessions.</p><ul><li>Wavelength: 660nm</li><li>LEDs: 100</li><li>Power: 40W</li><li>Size: Multi-piece kit</li><li>Finish: Matte Graphite</li></ul>","Lumenred","Bundles","bundles, 660nm, bundle, kit","TRUE","Finish","Matte Graphite","LR-0108","2500","shopify","25","deny","manual","399.00","463.00","TRUE","TRUE","active"
"lumenred-face-glow-kit","Lumenred Face Glow Kit","<p>Lumenred Face Glow Kit delivers clinical-style red and near-infrared coverage with 850nm diodes, 140 LEDs, and roughly 70W irradiance class output. Built for consistent home and studio sessions.</p><ul><li>Wavelength: 850nm</li><li>LEDs: 140</li><li>Power: 70W</li><li>Size: Multi-piece kit</li><li>Finish: Brushed Steel</li></ul>","Lumenred","Bundles","bundles, 850nm, bundle, kit","TRUE","Finish","Brushed Steel","LR-0109","2500","shopify","25","deny","manual","289.00","335.00","TRUE","TRUE","active"
"lumenred-athlete-joint-kit","Lumenred Athlete Joint Kit","<p>Lumenred Athlete Joint Kit delivers clinical-style red and near-infrared coverage with 660/850nm diodes, 180 LEDs, and roughly 100W irradiance class output. Built for consistent home and studio sessions.</p><ul><li>Wavelength: 660/850nm</li><li>LEDs: 180</li><li>Power: 100W</li><li>Size: Multi-piece kit</li><li>Finish: Soft Black</li></ul>","Lumenred","Bundles","bundles, 660/850nm, bundle, kit","TRUE","Finish","Soft Black","LR-0110","2500","shopify","25","deny","manual","459.00","532.00","TRUE","TRUE","active"
"lumenred-home-panel-duo","Lumenred Home Panel Duo","<p>Lumenred Home Panel Duo delivers clinical-style red and near-infrared coverage with 630/660/850nm diodes, 220 LEDs, and roughly 130W irradiance class output. Built for consistent home and studio sessions.</p><ul><li>Wavelength: 630/660/850nm</li><li>LEDs: 220</li><li>Power: 130W</li><li>Size: Multi-piece kit</li><li>Finish: Arctic White</li></ul>","Lumenred","Bundles","bundles, 630/660/850nm, bundle, kit","TRUE","Finish","Arctic White","LR-0111","2500","shopify","25","deny","manual","1899.00","2203.00","TRUE","TRUE","active"
"lumenred-studio-founders-kit","Lumenred Studio Founders Kit","<p>Lumenred Studio Founders Kit delivers clinical-style red and near-infrared coverage with 660/810/850nm diodes, 260 LEDs, and roughly 160W irradiance class output. Built for consistent home and studio sessions.</p><ul><li>Wavelength: 660/810/850nm</li><li>LEDs: 260</li><li>Power: 160W</li><li>Size: Multi-piece kit</li><li>Finish: Matte Graphite</li></ul>","Lumenred","Bundles","bundles, 660/810/850nm, bundle, kit","TRUE","Finish","Matte Graphite","LR-0112","2500","shopify","25","deny","manual","3299.00","3827.00","TRUE","TRUE","active"
"lumenred-travel-recovery-kit","Lumenred Travel Recovery Kit","<p>Lumenred Travel Recovery Kit delivers clinical-style red and near-infrared coverage with 630/660/810/850nm diodes, 300 LEDs, and roughly 190W irradiance class output. Built for consistent home and studio sessions.</p><ul><li>Wavelength: 630/660/810/850nm</li><li>LEDs: 300</li><li>Power: 190W</li><li>Size: Multi-piece kit</li><li>Finish: Brushed Steel</li></ul>","Lumenred","Bundles","bundles, 630/660/810/850nm, bundle, kit","TRUE","Finish","Brushed Steel","LR-0113","2500","shopify","25","deny","manual","349.00","405.00","TRUE","TRUE","active"
"lumenred-couple-wellness-kit","Lumenred Couple Wellness Kit","<p>Lumenred Couple Wellness Kit delivers clinical-style red and near-infrared coverage with 660nm diodes, 340 LEDs, and roughly 220W irradiance class output. Built for consistent home and studio sessions.</p><ul><li>Wavelength: 660nm</li><li>LEDs: 340</li><li>Power: 220W</li><li>Size: Multi-piece kit</li><li>Finish: Soft Black</li></ul>","Lumenred","Bundles","bundles, 660nm, bundle, kit","TRUE","Finish","Soft Black","LR-0114","2500","shopify","25","deny","manual","2199.00","2551.00","TRUE","TRUE","active"
"lumenred-clinic-corner-kit","Lumenred Clinic Corner Kit","<p>Lumenred Clinic Corner Kit delivers clinical-style red and near-infrared coverage with 850nm diodes, 380 LEDs, and roughly 250W irradiance class output. Built for consistent home and studio sessions.</p><ul><li>Wavelength: 850nm</li><li>LEDs: 380</li><li>Power: 250W</li><li>Size: Multi-piece kit</li><li>Finish: Arctic White</li></ul>","Lumenred","Bundles","bundles, 850nm, bundle, kit","TRUE","Finish","Arctic White","LR-0115","2500","shopify","25","deny","manual","5499.00","6379.00","TRUE","TRUE","active"
"lumenred-back-core-kit","Lumenred Back & Core Kit","<p>Lumenred Back & Core Kit delivers clinical-style red and near-infrared coverage with 660/850nm diodes, 420 LEDs, and roughly 280W irradiance class output. Built for consistent home and studio sessions.</p><ul><li>Wavelength: 660/850nm</li><li>LEDs: 420</li><li>Power: 280W</li><li>Size: Multi-piece kit</li><li>Finish: Matte Graphite</li></ul>","Lumenred","Bundles","bundles, 660/850nm, bundle, kit","TRUE","Finish","Matte Graphite","LR-0116","2500","shopify","25","deny","manual","399.00","463.00","TRUE","TRUE","active"
"lumenred-nightstand-ritual-kit","Lumenred Nightstand Ritual Kit","<p>Lumenred Nightstand Ritual Kit delivers clinical-style red and near-infrared coverage with 630/660/850nm diodes, 460 LEDs, and roughly 310W irradiance class output. Built for consistent home and studio sessions.</p><ul><li>Wavelength: 630/660/850nm</li><li>LEDs: 460</li><li>Power: 310W</li><li>Size: Multi-piece kit</li><li>Finish: Brushed Steel</li></ul>","Lumenred","Bundles","bundles, 630/660/850nm, bundle, kit","TRUE","Finish","Brushed Steel","LR-0117","2500","shopify","25","deny","manual","329.00","382.00","TRUE","TRUE","active"
"lumenred-pro-mount-bundle","Lumenred Pro Mount Bundle","<p>Lumenred Pro Mount Bundle delivers clinical-style red and near-infrared coverage with 660/810/850nm diodes, 500 LEDs, and roughly 340W irradiance class output. Built for consistent home and studio sessions.</p><ul><li>Wavelength: 660/810/850nm</li><li>LEDs: 500</li><li>Power: 340W</li><li>Size: Multi-piece kit</li><li>Finish: Soft Black</li></ul>","Lumenred","Bundles","bundles, 660/810/850nm, bundle, kit","TRUE","Finish","Soft Black","LR-0118","2500","shopify","25","deny","manual","279.00","324.00","TRUE","TRUE","active"
"lumenred-full-spectrum-stack","Lumenred Full Spectrum Stack","<p>Lumenred Full Spectrum Stack delivers clinical-style red and near-infrared coverage with 630/660/810/850nm diodes, 540 LEDs, and roughly 370W irradiance class output. Built for consistent home and studio sessions.</p><ul><li>Wavelength: 630/660/810/850nm</li><li>LEDs: 540</li><li>Power: 370W</li><li>Size: Multi-piece kit</li><li>Finish: Arctic White</li></ul>","Lumenred","Bundles","bundles, 630/660/810/850nm, bundle, kit","TRUE","Finish","Arctic White","LR-0119","2500","shopify","25","deny","manual","2799.00","3247.00","TRUE","TRUE","active"
"lumenred-complete-home-system","Lumenred Complete Home System","<p>Lumenred Complete Home System delivers clinical-style red and near-infrared coverage with 660nm diodes, 580 LEDs, and roughly 400W irradiance class output. Built for consistent home and studio sessions.</p><ul><li>Wavelength: 660nm</li><li>LEDs: 580</li><li>Power: 400W</li><li>Size: Multi-piece kit</li><li>Finish: Matte Graphite</li></ul>","Lumenred","Bundles","bundles, 660nm, bundle, kit","TRUE","Finish","Matte Graphite","LR-0120","2500","shopify","25","deny","manual","6999.00","8119.00","TRUE","TRUE","active"